<?xml version="1.0" encoding="UTF-8"?>
<project-private xmlns="http://www.netbeans.org/ns/project-private/1">
    <editor-bookmarks xmlns="http://www.netbeans.org/ns/editor-bookmarks/2" lastBookmarkId="0"/>
    <open-files xmlns="http://www.netbeans.org/ns/projectui-open-files/2">
        <group>
            <file>file:/F:/Dev%20Document/Demo%20board/PIC32/PIC32CM5164LE00/pic32cm_le00_cpro_getting_started_ext/firmware/src/config/pic32cm_le00_curiosity_pro/peripheral/sercom/usart/plib_sercom3_usart.h</file>
            <file>file:/F:/Dev%20Document/Demo%20board/PIC32/PIC32CM5164LE00/pic32cm_le00_cpro_getting_started_ext/firmware/src/config/pic32cm_le00_curiosity_pro/initialization.c</file>
            <file>file:/F:/Dev%20Document/Demo%20board/PIC32/PIC32CM5164LE00/pic32cm_le00_cpro_getting_started_ext/firmware/src/config/pic32cm_le00_curiosity_pro/definitions.h</file>
            <file>file:/F:/Dev%20Document/Demo%20board/PIC32/PIC32CM5164LE00/pic32cm_le00_cpro_getting_started_ext/firmware/src/main.c</file>
            <file>file:/F:/Dev%20Document/Demo%20board/PIC32/PIC32CM5164LE00/pic32cm_le00_cpro_getting_started_ext/firmware/src/config/pic32cm_le00_curiosity_pro/peripheral/sercom/usart/plib_sercom3_usart.c</file>
        </group>
    </open-files>
</project-private>
