<?xml version="1.0" encoding="UTF-8"?>
<configurationDescriptor version="65">
  <logicalFolder name="root" displayName="root" projectFiles="true">
    <logicalFolder name="HeaderFiles"
                   displayName="Header Files"
                   projectFiles="true">
      <logicalFolder name="config" displayName="config" projectFiles="true">
        <logicalFolder name="pic32cm_le00_curiosity_pro"
                       displayName="pic32cm_le00_curiosity_pro"
                       projectFiles="true">
          <logicalFolder name="peripheral" displayName="peripheral" projectFiles="true">
            <logicalFolder name="adc" displayName="adc" projectFiles="true">
              <itemPath>../src/config/pic32cm_le00_curiosity_pro/peripheral/adc/plib_adc.h</itemPath>
              <itemPath>../src/config/pic32cm_le00_curiosity_pro/peripheral/adc/plib_adc_common.h</itemPath>
            </logicalFolder>
            <logicalFolder name="clock" displayName="clock" projectFiles="true">
              <itemPath>../src/config/pic32cm_le00_curiosity_pro/peripheral/clock/plib_clock.h</itemPath>
            </logicalFolder>
            <logicalFolder name="dmac" displayName="dmac" projectFiles="true">
              <itemPath>../src/config/pic32cm_le00_curiosity_pro/peripheral/dmac/plib_dmac.h</itemPath>
            </logicalFolder>
            <logicalFolder name="eic" displayName="eic" projectFiles="true">
              <itemPath>../src/config/pic32cm_le00_curiosity_pro/peripheral/eic/plib_eic.h</itemPath>
            </logicalFolder>
            <logicalFolder name="evsys" displayName="evsys" projectFiles="true">
              <itemPath>../src/config/pic32cm_le00_curiosity_pro/peripheral/evsys/plib_evsys.h</itemPath>
            </logicalFolder>
            <logicalFolder name="nvic" displayName="nvic" projectFiles="true">
              <itemPath>../src/config/pic32cm_le00_curiosity_pro/peripheral/nvic/plib_nvic.h</itemPath>
            </logicalFolder>
            <logicalFolder name="nvmctrl" displayName="nvmctrl" projectFiles="true">
              <itemPath>../src/config/pic32cm_le00_curiosity_pro/peripheral/nvmctrl/plib_nvmctrl.h</itemPath>
            </logicalFolder>
            <logicalFolder name="pm" displayName="pm" projectFiles="true">
              <itemPath>../src/config/pic32cm_le00_curiosity_pro/peripheral/pm/plib_pm.h</itemPath>
            </logicalFolder>
            <logicalFolder name="port" displayName="port" projectFiles="true">
              <itemPath>../src/config/pic32cm_le00_curiosity_pro/peripheral/port/plib_port.h</itemPath>
            </logicalFolder>
            <logicalFolder name="rtc" displayName="rtc" projectFiles="true">
              <itemPath>../src/config/pic32cm_le00_curiosity_pro/peripheral/rtc/plib_rtc.h</itemPath>
            </logicalFolder>
            <logicalFolder name="sercom" displayName="sercom" projectFiles="true">
              <logicalFolder name="spi_master" displayName="spi_master" projectFiles="true">
                <itemPath>../src/config/pic32cm_le00_curiosity_pro/peripheral/sercom/spi_master/plib_sercom5_spi_master.h</itemPath>
              </logicalFolder>
              <logicalFolder name="usart" displayName="usart" projectFiles="true">
                <itemPath>../src/config/pic32cm_le00_curiosity_pro/peripheral/sercom/usart/plib_sercom_usart_common.h</itemPath>
                <itemPath>../src/config/pic32cm_le00_curiosity_pro/peripheral/sercom/usart/plib_sercom3_usart.h</itemPath>
              </logicalFolder>
            </logicalFolder>
            <logicalFolder name="spi_master" displayName="spi_master" projectFiles="true">
              <itemPath>../src/config/pic32cm_le00_curiosity_pro/peripheral/sercom/spi_master/plib_sercom3_spi_master.h</itemPath>
              <itemPath>../src/config/pic32cm_le00_curiosity_pro/peripheral/sercom/spi_master/plib_sercom_spi_master_common.h</itemPath>
            </logicalFolder>
            <logicalFolder name="systick" displayName="systick" projectFiles="true">
              <itemPath>../src/config/pic32cm_le00_curiosity_pro/peripheral/systick/plib_systick.h</itemPath>
            </logicalFolder>
            <logicalFolder name="tc" displayName="tc" projectFiles="true">
              <itemPath>../src/config/pic32cm_le00_curiosity_pro/peripheral/tc/plib_tc0.h</itemPath>
              <itemPath>../src/config/pic32cm_le00_curiosity_pro/peripheral/tc/plib_tc_common.h</itemPath>
            </logicalFolder>
            <logicalFolder name="trng" displayName="trng" projectFiles="true">
              <itemPath>../src/config/pic32cm_le00_curiosity_pro/peripheral/trng/plib_trng.h</itemPath>
            </logicalFolder>
          </logicalFolder>
          <itemPath>../src/config/pic32cm_le00_curiosity_pro/interrupts.h</itemPath>
          <itemPath>../src/config/pic32cm_le00_curiosity_pro/toolchain_specifics.h</itemPath>
          <itemPath>../src/config/pic32cm_le00_curiosity_pro/device_vectors.h</itemPath>
          <itemPath>../src/config/pic32cm_le00_curiosity_pro/device_cache.h</itemPath>
          <itemPath>../src/config/pic32cm_le00_curiosity_pro/definitions.h</itemPath>
          <itemPath>../src/config/pic32cm_le00_curiosity_pro/device.h</itemPath>
        </logicalFolder>
      </logicalFolder>
      <logicalFolder name="JDI_MLCD_driver"
                     displayName="JDI_MLCD_driver"
                     projectFiles="true">
        <itemPath>../src/JDI_MLCD_driver/JDI_MIP_Display2.h</itemPath>
      </logicalFolder>
      <logicalFolder name="packs" displayName="packs" projectFiles="true">
        <logicalFolder name="CMSIS" displayName="CMSIS" projectFiles="true">
          <logicalFolder name="CMSIS" displayName="CMSIS" projectFiles="true">
            <logicalFolder name="Core" displayName="Core" projectFiles="true">
              <logicalFolder name="Include" displayName="Include" projectFiles="true">
                <itemPath>../src/packs/CMSIS/CMSIS/Core/Include/cmsis_version.h</itemPath>
                <itemPath>../src/packs/CMSIS/CMSIS/Core/Include/cmsis_armcc.h</itemPath>
                <itemPath>../src/packs/CMSIS/CMSIS/Core/Include/cmsis_armclang_ltm.h</itemPath>
                <itemPath>../src/packs/CMSIS/CMSIS/Core/Include/cmsis_iccarm.h</itemPath>
                <itemPath>../src/packs/CMSIS/CMSIS/Core/Include/cmsis_compiler.h</itemPath>
                <itemPath>../src/packs/CMSIS/CMSIS/Core/Include/core_cm23.h</itemPath>
                <itemPath>../src/packs/CMSIS/CMSIS/Core/Include/mpu_armv8.h</itemPath>
                <itemPath>../src/packs/CMSIS/CMSIS/Core/Include/tz_context.h</itemPath>
                <itemPath>../src/packs/CMSIS/CMSIS/Core/Include/cmsis_armclang.h</itemPath>
                <itemPath>../src/packs/CMSIS/CMSIS/Core/Include/cmsis_gcc.h</itemPath>
                <itemPath>../src/packs/CMSIS/CMSIS/Core/Include/cachel1_armv7.h</itemPath>
              </logicalFolder>
            </logicalFolder>
            <logicalFolder name="DSP" displayName="DSP" projectFiles="true">
              <logicalFolder name="Include" displayName="Include" projectFiles="true">
                <logicalFolder name="dsp" displayName="dsp" projectFiles="true">
                  <itemPath>../src/packs/CMSIS/CMSIS/DSP/Include/dsp/matrix_functions.h</itemPath>
                  <itemPath>../src/packs/CMSIS/CMSIS/DSP/Include/dsp/complex_math_functions.h</itemPath>
                  <itemPath>../src/packs/CMSIS/CMSIS/DSP/Include/dsp/matrix_functions_f16.h</itemPath>
                  <itemPath>../src/packs/CMSIS/CMSIS/DSP/Include/dsp/none.h</itemPath>
                  <itemPath>../src/packs/CMSIS/CMSIS/DSP/Include/dsp/quaternion_math_functions.h</itemPath>
                  <itemPath>../src/packs/CMSIS/CMSIS/DSP/Include/dsp/svm_defines.h</itemPath>
                  <itemPath>../src/packs/CMSIS/CMSIS/DSP/Include/dsp/interpolation_functions_f16.h</itemPath>
                  <itemPath>../src/packs/CMSIS/CMSIS/DSP/Include/dsp/fast_math_functions.h</itemPath>
                  <itemPath>../src/packs/CMSIS/CMSIS/DSP/Include/dsp/support_functions_f16.h</itemPath>
                  <itemPath>../src/packs/CMSIS/CMSIS/DSP/Include/dsp/bayes_functions_f16.h</itemPath>
                  <itemPath>../src/packs/CMSIS/CMSIS/DSP/Include/dsp/basic_math_functions.h</itemPath>
                  <itemPath>../src/packs/CMSIS/CMSIS/DSP/Include/dsp/filtering_functions.h</itemPath>
                  <itemPath>../src/packs/CMSIS/CMSIS/DSP/Include/dsp/svm_functions.h</itemPath>
                  <itemPath>../src/packs/CMSIS/CMSIS/DSP/Include/dsp/filtering_functions_f16.h</itemPath>
                  <itemPath>../src/packs/CMSIS/CMSIS/DSP/Include/dsp/bayes_functions.h</itemPath>
                  <itemPath>../src/packs/CMSIS/CMSIS/DSP/Include/dsp/support_functions.h</itemPath>
                  <itemPath>../src/packs/CMSIS/CMSIS/DSP/Include/dsp/controller_functions_f16.h</itemPath>
                  <itemPath>../src/packs/CMSIS/CMSIS/DSP/Include/dsp/controller_functions.h</itemPath>
                  <itemPath>../src/packs/CMSIS/CMSIS/DSP/Include/dsp/utils.h</itemPath>
                  <itemPath>../src/packs/CMSIS/CMSIS/DSP/Include/dsp/basic_math_functions_f16.h</itemPath>
                  <itemPath>../src/packs/CMSIS/CMSIS/DSP/Include/dsp/transform_functions_f16.h</itemPath>
                  <itemPath>../src/packs/CMSIS/CMSIS/DSP/Include/dsp/statistics_functions_f16.h</itemPath>
                  <itemPath>../src/packs/CMSIS/CMSIS/DSP/Include/dsp/distance_functions_f16.h</itemPath>
                  <itemPath>../src/packs/CMSIS/CMSIS/DSP/Include/dsp/svm_functions_f16.h</itemPath>
                  <itemPath>../src/packs/CMSIS/CMSIS/DSP/Include/dsp/interpolation_functions.h</itemPath>
                  <itemPath>../src/packs/CMSIS/CMSIS/DSP/Include/dsp/statistics_functions.h</itemPath>
                  <itemPath>../src/packs/CMSIS/CMSIS/DSP/Include/dsp/distance_functions.h</itemPath>
                  <itemPath>../src/packs/CMSIS/CMSIS/DSP/Include/dsp/fast_math_functions_f16.h</itemPath>
                  <itemPath>../src/packs/CMSIS/CMSIS/DSP/Include/dsp/complex_math_functions_f16.h</itemPath>
                  <itemPath>../src/packs/CMSIS/CMSIS/DSP/Include/dsp/transform_functions.h</itemPath>
                </logicalFolder>
                <itemPath>../src/packs/CMSIS/CMSIS/DSP/Include/arm_math_f16.h</itemPath>
                <itemPath>../src/packs/CMSIS/CMSIS/DSP/Include/arm_math_types.h</itemPath>
                <itemPath>../src/packs/CMSIS/CMSIS/DSP/Include/arm_const_structs.h</itemPath>
                <itemPath>../src/packs/CMSIS/CMSIS/DSP/Include/arm_mve_tables_f16.h</itemPath>
                <itemPath>../src/packs/CMSIS/CMSIS/DSP/Include/arm_helium_utils.h</itemPath>
                <itemPath>../src/packs/CMSIS/CMSIS/DSP/Include/arm_mve_tables.h</itemPath>
                <itemPath>../src/packs/CMSIS/CMSIS/DSP/Include/arm_vec_math_f16.h</itemPath>
                <itemPath>../src/packs/CMSIS/CMSIS/DSP/Include/arm_const_structs_f16.h</itemPath>
                <itemPath>../src/packs/CMSIS/CMSIS/DSP/Include/arm_math.h</itemPath>
                <itemPath>../src/packs/CMSIS/CMSIS/DSP/Include/arm_math_memory.h</itemPath>
                <itemPath>../src/packs/CMSIS/CMSIS/DSP/Include/arm_vec_math.h</itemPath>
                <itemPath>../src/packs/CMSIS/CMSIS/DSP/Include/arm_common_tables_f16.h</itemPath>
                <itemPath>../src/packs/CMSIS/CMSIS/DSP/Include/arm_math_types_f16.h</itemPath>
                <itemPath>../src/packs/CMSIS/CMSIS/DSP/Include/arm_common_tables.h</itemPath>
              </logicalFolder>
            </logicalFolder>
            <logicalFolder name="NN" displayName="NN" projectFiles="true">
              <logicalFolder name="Include" displayName="Include" projectFiles="true">
                <itemPath>../src/packs/CMSIS/CMSIS/NN/Include/arm_nnsupportfunctions.h</itemPath>
                <itemPath>../src/packs/CMSIS/CMSIS/NN/Include/arm_nn_tables.h</itemPath>
                <itemPath>../src/packs/CMSIS/CMSIS/NN/Include/arm_nn_types.h</itemPath>
                <itemPath>../src/packs/CMSIS/CMSIS/NN/Include/arm_nn_math_types.h</itemPath>
                <itemPath>../src/packs/CMSIS/CMSIS/NN/Include/arm_nnfunctions.h</itemPath>
              </logicalFolder>
            </logicalFolder>
          </logicalFolder>
        </logicalFolder>
        <logicalFolder name="PIC32CM5164LE00100_DFP"
                       displayName="PIC32CM5164LE00100_DFP"
                       projectFiles="true">
          <logicalFolder name="component" displayName="component" projectFiles="true">
            <itemPath>../src/packs/PIC32CM5164LE00100_DFP/component/usb.h</itemPath>
            <itemPath>../src/packs/PIC32CM5164LE00100_DFP/component/trng.h</itemPath>
            <itemPath>../src/packs/PIC32CM5164LE00100_DFP/component/nvmctrl.h</itemPath>
            <itemPath>../src/packs/PIC32CM5164LE00100_DFP/component/wdt.h</itemPath>
            <itemPath>../src/packs/PIC32CM5164LE00100_DFP/component/eic.h</itemPath>
            <itemPath>../src/packs/PIC32CM5164LE00100_DFP/component/adc.h</itemPath>
            <itemPath>../src/packs/PIC32CM5164LE00100_DFP/component/sercom.h</itemPath>
            <itemPath>../src/packs/PIC32CM5164LE00100_DFP/component/tram.h</itemPath>
            <itemPath>../src/packs/PIC32CM5164LE00100_DFP/component/fuses.h</itemPath>
            <itemPath>../src/packs/PIC32CM5164LE00100_DFP/component/i2s.h</itemPath>
            <itemPath>../src/packs/PIC32CM5164LE00100_DFP/component/mclk.h</itemPath>
            <itemPath>../src/packs/PIC32CM5164LE00100_DFP/component/gclk.h</itemPath>
            <itemPath>../src/packs/PIC32CM5164LE00100_DFP/component/freqm.h</itemPath>
            <itemPath>../src/packs/PIC32CM5164LE00100_DFP/component/dsu.h</itemPath>
            <itemPath>../src/packs/PIC32CM5164LE00100_DFP/component/ac.h</itemPath>
            <itemPath>../src/packs/PIC32CM5164LE00100_DFP/component/dac.h</itemPath>
            <itemPath>../src/packs/PIC32CM5164LE00100_DFP/component/tc.h</itemPath>
            <itemPath>../src/packs/PIC32CM5164LE00100_DFP/component/tcc.h</itemPath>
            <itemPath>../src/packs/PIC32CM5164LE00100_DFP/component/pm.h</itemPath>
            <itemPath>../src/packs/PIC32CM5164LE00100_DFP/component/port.h</itemPath>
            <itemPath>../src/packs/PIC32CM5164LE00100_DFP/component/ccl.h</itemPath>
            <itemPath>../src/packs/PIC32CM5164LE00100_DFP/component/opamp.h</itemPath>
            <itemPath>../src/packs/PIC32CM5164LE00100_DFP/component/supc.h</itemPath>
            <itemPath>../src/packs/PIC32CM5164LE00100_DFP/component/oscctrl.h</itemPath>
            <itemPath>../src/packs/PIC32CM5164LE00100_DFP/component/rtc.h</itemPath>
            <itemPath>../src/packs/PIC32CM5164LE00100_DFP/component/pac.h</itemPath>
            <itemPath>../src/packs/PIC32CM5164LE00100_DFP/component/dmac.h</itemPath>
            <itemPath>../src/packs/PIC32CM5164LE00100_DFP/component/osc32kctrl.h</itemPath>
            <itemPath>../src/packs/PIC32CM5164LE00100_DFP/component/ptc.h</itemPath>
            <itemPath>../src/packs/PIC32CM5164LE00100_DFP/component/evsys.h</itemPath>
            <itemPath>../src/packs/PIC32CM5164LE00100_DFP/component/rstc.h</itemPath>
          </logicalFolder>
          <logicalFolder name="instance" displayName="instance" projectFiles="true">
            <itemPath>../src/packs/PIC32CM5164LE00100_DFP/instance/trng.h</itemPath>
            <itemPath>../src/packs/PIC32CM5164LE00100_DFP/instance/sercom2.h</itemPath>
            <itemPath>../src/packs/PIC32CM5164LE00100_DFP/instance/tc0.h</itemPath>
            <itemPath>../src/packs/PIC32CM5164LE00100_DFP/instance/tram.h</itemPath>
            <itemPath>../src/packs/PIC32CM5164LE00100_DFP/instance/rstc.h</itemPath>
            <itemPath>../src/packs/PIC32CM5164LE00100_DFP/instance/gclk.h</itemPath>
            <itemPath>../src/packs/PIC32CM5164LE00100_DFP/instance/freqm.h</itemPath>
            <itemPath>../src/packs/PIC32CM5164LE00100_DFP/instance/pac.h</itemPath>
            <itemPath>../src/packs/PIC32CM5164LE00100_DFP/instance/mclk.h</itemPath>
            <itemPath>../src/packs/PIC32CM5164LE00100_DFP/instance/tcc2.h</itemPath>
            <itemPath>../src/packs/PIC32CM5164LE00100_DFP/instance/ptc.h</itemPath>
            <itemPath>../src/packs/PIC32CM5164LE00100_DFP/instance/dac.h</itemPath>
            <itemPath>../src/packs/PIC32CM5164LE00100_DFP/instance/port.h</itemPath>
            <itemPath>../src/packs/PIC32CM5164LE00100_DFP/instance/sercom3.h</itemPath>
            <itemPath>../src/packs/PIC32CM5164LE00100_DFP/instance/tcc3.h</itemPath>
            <itemPath>../src/packs/PIC32CM5164LE00100_DFP/instance/tc1.h</itemPath>
            <itemPath>../src/packs/PIC32CM5164LE00100_DFP/instance/fuses.h</itemPath>
            <itemPath>../src/packs/PIC32CM5164LE00100_DFP/instance/ccl.h</itemPath>
            <itemPath>../src/packs/PIC32CM5164LE00100_DFP/instance/rtc.h</itemPath>
            <itemPath>../src/packs/PIC32CM5164LE00100_DFP/instance/oscctrl.h</itemPath>
            <itemPath>../src/packs/PIC32CM5164LE00100_DFP/instance/opamp.h</itemPath>
            <itemPath>../src/packs/PIC32CM5164LE00100_DFP/instance/tcc1.h</itemPath>
            <itemPath>../src/packs/PIC32CM5164LE00100_DFP/instance/dsu.h</itemPath>
            <itemPath>../src/packs/PIC32CM5164LE00100_DFP/instance/sercom0.h</itemPath>
            <itemPath>../src/packs/PIC32CM5164LE00100_DFP/instance/dmac.h</itemPath>
            <itemPath>../src/packs/PIC32CM5164LE00100_DFP/instance/sercom4.h</itemPath>
            <itemPath>../src/packs/PIC32CM5164LE00100_DFP/instance/nvmctrl.h</itemPath>
            <itemPath>../src/packs/PIC32CM5164LE00100_DFP/instance/tc2.h</itemPath>
            <itemPath>../src/packs/PIC32CM5164LE00100_DFP/instance/evsys.h</itemPath>
            <itemPath>../src/packs/PIC32CM5164LE00100_DFP/instance/supc.h</itemPath>
            <itemPath>../src/packs/PIC32CM5164LE00100_DFP/instance/osc32kctrl.h</itemPath>
            <itemPath>../src/packs/PIC32CM5164LE00100_DFP/instance/i2s.h</itemPath>
            <itemPath>../src/packs/PIC32CM5164LE00100_DFP/instance/wdt.h</itemPath>
            <itemPath>../src/packs/PIC32CM5164LE00100_DFP/instance/tcc0.h</itemPath>
            <itemPath>../src/packs/PIC32CM5164LE00100_DFP/instance/eic.h</itemPath>
            <itemPath>../src/packs/PIC32CM5164LE00100_DFP/instance/pm.h</itemPath>
            <itemPath>../src/packs/PIC32CM5164LE00100_DFP/instance/sercom1.h</itemPath>
            <itemPath>../src/packs/PIC32CM5164LE00100_DFP/instance/adc.h</itemPath>
            <itemPath>../src/packs/PIC32CM5164LE00100_DFP/instance/sercom5.h</itemPath>
            <itemPath>../src/packs/PIC32CM5164LE00100_DFP/instance/usb.h</itemPath>
            <itemPath>../src/packs/PIC32CM5164LE00100_DFP/instance/ac.h</itemPath>
          </logicalFolder>
          <logicalFolder name="pio" displayName="pio" projectFiles="true">
            <itemPath>../src/packs/PIC32CM5164LE00100_DFP/pio/pic32cm5164le00100.h</itemPath>
          </logicalFolder>
          <itemPath>../src/packs/PIC32CM5164LE00100_DFP/pic32cm5164le00100.h</itemPath>
        </logicalFolder>
      </logicalFolder>
    </logicalFolder>
    <logicalFolder name="ExternalFiles"
                   displayName="Important Files"
                   projectFiles="true">
      <itemPath>Makefile</itemPath>
      <itemPath>getting_Started_pic32cm_le00_curiosity_pro.mc3</itemPath>
    </logicalFolder>
    <logicalFolder name="LinkerScript"
                   displayName="Linker Files"
                   projectFiles="true">
      <logicalFolder name="config" displayName="config" projectFiles="true">
        <logicalFolder name="pic32cm_le00_curiosity_pro"
                       displayName="pic32cm_le00_curiosity_pro"
                       projectFiles="true">
          <itemPath>../src/config/pic32cm_le00_curiosity_pro/PIC32CM5164LE00100.ld</itemPath>
        </logicalFolder>
      </logicalFolder>
    </logicalFolder>
    <logicalFolder name="SourceFiles"
                   displayName="Source Files"
                   projectFiles="true">
      <logicalFolder name="config" displayName="config" projectFiles="true">
        <logicalFolder name="pic32cm_le00_curiosity_pro"
                       displayName="pic32cm_le00_curiosity_pro"
                       projectFiles="true">
          <logicalFolder name="peripheral" displayName="peripheral" projectFiles="true">
            <logicalFolder name="adc" displayName="adc" projectFiles="true">
              <itemPath>../src/config/pic32cm_le00_curiosity_pro/peripheral/adc/plib_adc.c</itemPath>
            </logicalFolder>
            <logicalFolder name="clock" displayName="clock" projectFiles="true">
              <itemPath>../src/config/pic32cm_le00_curiosity_pro/peripheral/clock/plib_clock.c</itemPath>
            </logicalFolder>
            <logicalFolder name="dmac" displayName="dmac" projectFiles="true">
              <itemPath>../src/config/pic32cm_le00_curiosity_pro/peripheral/dmac/plib_dmac.c</itemPath>
            </logicalFolder>
            <logicalFolder name="eic" displayName="eic" projectFiles="true">
              <itemPath>../src/config/pic32cm_le00_curiosity_pro/peripheral/eic/plib_eic.c</itemPath>
            </logicalFolder>
            <logicalFolder name="evsys" displayName="evsys" projectFiles="true">
              <itemPath>../src/config/pic32cm_le00_curiosity_pro/peripheral/evsys/plib_evsys.c</itemPath>
            </logicalFolder>
            <logicalFolder name="nvic" displayName="nvic" projectFiles="true">
              <itemPath>../src/config/pic32cm_le00_curiosity_pro/peripheral/nvic/plib_nvic.c</itemPath>
            </logicalFolder>
            <logicalFolder name="nvmctrl" displayName="nvmctrl" projectFiles="true">
              <itemPath>../src/config/pic32cm_le00_curiosity_pro/peripheral/nvmctrl/plib_nvmctrl.c</itemPath>
            </logicalFolder>
            <logicalFolder name="pm" displayName="pm" projectFiles="true">
              <itemPath>../src/config/pic32cm_le00_curiosity_pro/peripheral/pm/plib_pm.c</itemPath>
            </logicalFolder>
            <logicalFolder name="port" displayName="port" projectFiles="true">
              <itemPath>../src/config/pic32cm_le00_curiosity_pro/peripheral/port/plib_port.c</itemPath>
            </logicalFolder>
            <logicalFolder name="rtc" displayName="rtc" projectFiles="true">
              <itemPath>../src/config/pic32cm_le00_curiosity_pro/peripheral/rtc/plib_rtc_timer.c</itemPath>
            </logicalFolder>
            <logicalFolder name="sercom" displayName="sercom" projectFiles="true">
              <logicalFolder name="spi_master" displayName="spi_master" projectFiles="true">
                <itemPath>../src/config/pic32cm_le00_curiosity_pro/peripheral/sercom/spi_master/plib_sercom3_spi_master.c</itemPath>
                <itemPath>../src/config/pic32cm_le00_curiosity_pro/peripheral/sercom/spi_master/plib_sercom5_spi_master.c</itemPath>
              </logicalFolder>
              <logicalFolder name="usart" displayName="usart" projectFiles="true">
                <itemPath>../src/config/pic32cm_le00_curiosity_pro/peripheral/sercom/usart/plib_sercom3_usart.c</itemPath>
              </logicalFolder>
            </logicalFolder>
            <logicalFolder name="systick" displayName="systick" projectFiles="true">
              <itemPath>../src/config/pic32cm_le00_curiosity_pro/peripheral/systick/plib_systick.c</itemPath>
            </logicalFolder>
            <logicalFolder name="tc" displayName="tc" projectFiles="true">
              <itemPath>../src/config/pic32cm_le00_curiosity_pro/peripheral/tc/plib_tc0.c</itemPath>
            </logicalFolder>
            <logicalFolder name="trng" displayName="trng" projectFiles="true">
              <itemPath>../src/config/pic32cm_le00_curiosity_pro/peripheral/trng/plib_trng.c</itemPath>
            </logicalFolder>
          </logicalFolder>
          <logicalFolder name="stdio" displayName="stdio" projectFiles="true">
            <itemPath>../src/config/pic32cm_le00_curiosity_pro/stdio/xc32_monitor.c</itemPath>
          </logicalFolder>
          <itemPath>../src/config/pic32cm_le00_curiosity_pro/interrupts.c</itemPath>
          <itemPath>../src/config/pic32cm_le00_curiosity_pro/exceptions.c</itemPath>
          <itemPath>../src/config/pic32cm_le00_curiosity_pro/libc_syscalls.c</itemPath>
          <itemPath>../src/config/pic32cm_le00_curiosity_pro/startup_xc32.c</itemPath>
          <itemPath>../src/config/pic32cm_le00_curiosity_pro/initialization.c</itemPath>
        </logicalFolder>
      </logicalFolder>
      <logicalFolder name="JDI_MLCD_driver"
                     displayName="JDI_MLCD_driver"
                     projectFiles="true">
        <itemPath>../src/JDI_MLCD_driver/JDI_MIP_Display.c</itemPath>
      </logicalFolder>
      <logicalFolder name="packs" displayName="packs" projectFiles="true">
        <logicalFolder name="CMSIS" displayName="CMSIS" projectFiles="true">
          <logicalFolder name="CMSIS" displayName="CMSIS" projectFiles="true">
            <logicalFolder name="NN" displayName="NN" projectFiles="true">
              <logicalFolder name="Source" displayName="Source" projectFiles="true">
                <logicalFolder name="ActivationFunctions"
                               displayName="ActivationFunctions"
                               projectFiles="true">
                  <itemPath>../src/packs/CMSIS/CMSIS/NN/Source/ActivationFunctions/arm_nn_activations_q15.c</itemPath>
                  <itemPath>../src/packs/CMSIS/CMSIS/NN/Source/ActivationFunctions/arm_nn_activations_q7.c</itemPath>
                  <itemPath>../src/packs/CMSIS/CMSIS/NN/Source/ActivationFunctions/arm_relu_q15.c</itemPath>
                  <itemPath>../src/packs/CMSIS/CMSIS/NN/Source/ActivationFunctions/arm_relu_q7.c</itemPath>
                  <itemPath>../src/packs/CMSIS/CMSIS/NN/Source/ActivationFunctions/arm_relu6_s8.c</itemPath>
                </logicalFolder>
                <logicalFolder name="BasicMathFunctions"
                               displayName="BasicMathFunctions"
                               projectFiles="true">
                  <itemPath>../src/packs/CMSIS/CMSIS/NN/Source/BasicMathFunctions/arm_elementwise_add_s8.c</itemPath>
                  <itemPath>../src/packs/CMSIS/CMSIS/NN/Source/BasicMathFunctions/arm_elementwise_mul_s8.c</itemPath>
                  <itemPath>../src/packs/CMSIS/CMSIS/NN/Source/BasicMathFunctions/arm_elementwise_add_s16.c</itemPath>
                  <itemPath>../src/packs/CMSIS/CMSIS/NN/Source/BasicMathFunctions/arm_elementwise_mul_s16.c</itemPath>
                </logicalFolder>
                <logicalFolder name="ConcatenationFunctions"
                               displayName="ConcatenationFunctions"
                               projectFiles="true">
                  <itemPath>../src/packs/CMSIS/CMSIS/NN/Source/ConcatenationFunctions/arm_concatenation_s8_x.c</itemPath>
                  <itemPath>../src/packs/CMSIS/CMSIS/NN/Source/ConcatenationFunctions/arm_concatenation_s8_w.c</itemPath>
                  <itemPath>../src/packs/CMSIS/CMSIS/NN/Source/ConcatenationFunctions/arm_concatenation_s8_z.c</itemPath>
                  <itemPath>../src/packs/CMSIS/CMSIS/NN/Source/ConcatenationFunctions/arm_concatenation_s8_y.c</itemPath>
                </logicalFolder>
                <logicalFolder name="ConvolutionFunctions"
                               displayName="ConvolutionFunctions"
                               projectFiles="true">
                  <itemPath>../src/packs/CMSIS/CMSIS/NN/Source/ConvolutionFunctions/arm_nn_mat_mult_s8.c</itemPath>
                  <itemPath>../src/packs/CMSIS/CMSIS/NN/Source/ConvolutionFunctions/arm_convolve_s8.c</itemPath>
                  <itemPath>../src/packs/CMSIS/CMSIS/NN/Source/ConvolutionFunctions/arm_convolve_HWC_q7_RGB.c</itemPath>
                  <itemPath>../src/packs/CMSIS/CMSIS/NN/Source/ConvolutionFunctions/arm_convolve_HWC_q7_fast_nonsquare.c</itemPath>
                  <itemPath>../src/packs/CMSIS/CMSIS/NN/Source/ConvolutionFunctions/arm_nn_mat_mult_kernel_s8_s16.c</itemPath>
                  <itemPath>../src/packs/CMSIS/CMSIS/NN/Source/ConvolutionFunctions/arm_convolve_1x1_s8_fast.c</itemPath>
                  <itemPath>../src/packs/CMSIS/CMSIS/NN/Source/ConvolutionFunctions/arm_depthwise_conv_u8_basic_ver1.c</itemPath>
                  <itemPath>../src/packs/CMSIS/CMSIS/NN/Source/ConvolutionFunctions/arm_depthwise_conv_s8.c</itemPath>
                  <itemPath>../src/packs/CMSIS/CMSIS/NN/Source/ConvolutionFunctions/arm_convolve_1x1_HWC_q7_fast_nonsquare.c</itemPath>
                  <itemPath>../src/packs/CMSIS/CMSIS/NN/Source/ConvolutionFunctions/arm_nn_depthwise_conv_s8_core.c</itemPath>
                  <itemPath>../src/packs/CMSIS/CMSIS/NN/Source/ConvolutionFunctions/arm_convolve_fast_s16.c</itemPath>
                  <itemPath>../src/packs/CMSIS/CMSIS/NN/Source/ConvolutionFunctions/arm_depthwise_separable_conv_HWC_q7.c</itemPath>
                  <itemPath>../src/packs/CMSIS/CMSIS/NN/Source/ConvolutionFunctions/arm_depthwise_conv_s16.c</itemPath>
                  <itemPath>../src/packs/CMSIS/CMSIS/NN/Source/ConvolutionFunctions/arm_convolve_HWC_q15_basic.c</itemPath>
                  <itemPath>../src/packs/CMSIS/CMSIS/NN/Source/ConvolutionFunctions/arm_convolve_wrapper_s8.c</itemPath>
                  <itemPath>../src/packs/CMSIS/CMSIS/NN/Source/ConvolutionFunctions/arm_depthwise_conv_wrapper_s8.c</itemPath>
                  <itemPath>../src/packs/CMSIS/CMSIS/NN/Source/ConvolutionFunctions/arm_nn_mat_mult_kernel_q7_q15.c</itemPath>
                  <itemPath>../src/packs/CMSIS/CMSIS/NN/Source/ConvolutionFunctions/arm_convolve_wrapper_s16.c</itemPath>
                  <itemPath>../src/packs/CMSIS/CMSIS/NN/Source/ConvolutionFunctions/arm_convolve_HWC_q15_fast_nonsquare.c</itemPath>
                  <itemPath>../src/packs/CMSIS/CMSIS/NN/Source/ConvolutionFunctions/arm_convolve_1_x_n_s8.c</itemPath>
                  <itemPath>../src/packs/CMSIS/CMSIS/NN/Source/ConvolutionFunctions/arm_convolve_HWC_q15_fast.c</itemPath>
                  <itemPath>../src/packs/CMSIS/CMSIS/NN/Source/ConvolutionFunctions/arm_depthwise_separable_conv_HWC_q7_nonsquare.c</itemPath>
                  <itemPath>../src/packs/CMSIS/CMSIS/NN/Source/ConvolutionFunctions/arm_depthwise_conv_3x3_s8.c</itemPath>
                  <itemPath>../src/packs/CMSIS/CMSIS/NN/Source/ConvolutionFunctions/arm_convolve_HWC_q7_basic_nonsquare.c</itemPath>
                  <itemPath>../src/packs/CMSIS/CMSIS/NN/Source/ConvolutionFunctions/arm_convolve_HWC_q7_basic.c</itemPath>
                  <itemPath>../src/packs/CMSIS/CMSIS/NN/Source/ConvolutionFunctions/arm_depthwise_conv_s8_opt.c</itemPath>
                  <itemPath>../src/packs/CMSIS/CMSIS/NN/Source/ConvolutionFunctions/arm_convolve_s16.c</itemPath>
                  <itemPath>../src/packs/CMSIS/CMSIS/NN/Source/ConvolutionFunctions/arm_nn_mat_mult_kernel_q7_q15_reordered.c</itemPath>
                  <itemPath>../src/packs/CMSIS/CMSIS/NN/Source/ConvolutionFunctions/arm_convolve_HWC_q7_fast.c</itemPath>
                </logicalFolder>
                <logicalFolder name="FullyConnectedFunctions"
                               displayName="FullyConnectedFunctions"
                               projectFiles="true">
                  <itemPath>../src/packs/CMSIS/CMSIS/NN/Source/FullyConnectedFunctions/arm_fully_connected_mat_q7_vec_q15_opt.c</itemPath>
                  <itemPath>../src/packs/CMSIS/CMSIS/NN/Source/FullyConnectedFunctions/arm_fully_connected_q15_opt.c</itemPath>
                  <itemPath>../src/packs/CMSIS/CMSIS/NN/Source/FullyConnectedFunctions/arm_fully_connected_mat_q7_vec_q15.c</itemPath>
                  <itemPath>../src/packs/CMSIS/CMSIS/NN/Source/FullyConnectedFunctions/arm_fully_connected_s8.c</itemPath>
                  <itemPath>../src/packs/CMSIS/CMSIS/NN/Source/FullyConnectedFunctions/arm_fully_connected_q15.c</itemPath>
                  <itemPath>../src/packs/CMSIS/CMSIS/NN/Source/FullyConnectedFunctions/arm_fully_connected_q7_opt.c</itemPath>
                  <itemPath>../src/packs/CMSIS/CMSIS/NN/Source/FullyConnectedFunctions/arm_fully_connected_q7.c</itemPath>
                  <itemPath>../src/packs/CMSIS/CMSIS/NN/Source/FullyConnectedFunctions/arm_fully_connected_s16.c</itemPath>
                </logicalFolder>
                <logicalFolder name="NNSupportFunctions"
                               displayName="NNSupportFunctions"
                               projectFiles="true">
                  <itemPath>../src/packs/CMSIS/CMSIS/NN/Source/NNSupportFunctions/arm_nn_accumulate_q7_to_q15.c</itemPath>
                  <itemPath>../src/packs/CMSIS/CMSIS/NN/Source/NNSupportFunctions/arm_nn_depthwise_conv_nt_t_s8.c</itemPath>
                  <itemPath>../src/packs/CMSIS/CMSIS/NN/Source/NNSupportFunctions/arm_nn_mat_mult_nt_t_s8.c</itemPath>
                  <itemPath>../src/packs/CMSIS/CMSIS/NN/Source/NNSupportFunctions/arm_nn_vec_mat_mult_t_svdf_s8.c</itemPath>
                  <itemPath>../src/packs/CMSIS/CMSIS/NN/Source/NNSupportFunctions/arm_q7_to_q15_reordered_no_shift.c</itemPath>
                  <itemPath>../src/packs/CMSIS/CMSIS/NN/Source/NNSupportFunctions/arm_nn_vec_mat_mult_t_s16.c</itemPath>
                  <itemPath>../src/packs/CMSIS/CMSIS/NN/Source/NNSupportFunctions/arm_nn_mat_mul_core_1x_s8.c</itemPath>
                  <itemPath>../src/packs/CMSIS/CMSIS/NN/Source/NNSupportFunctions/arm_nn_mat_mul_kernel_s16.c</itemPath>
                  <itemPath>../src/packs/CMSIS/CMSIS/NN/Source/NNSupportFunctions/arm_nn_mult_q15.c</itemPath>
                  <itemPath>../src/packs/CMSIS/CMSIS/NN/Source/NNSupportFunctions/arm_nn_mult_q7.c</itemPath>
                  <itemPath>../src/packs/CMSIS/CMSIS/NN/Source/NNSupportFunctions/arm_nn_mat_mul_core_4x_s8.c</itemPath>
                  <itemPath>../src/packs/CMSIS/CMSIS/NN/Source/NNSupportFunctions/arm_nn_add_q7.c</itemPath>
                  <itemPath>../src/packs/CMSIS/CMSIS/NN/Source/NNSupportFunctions/arm_q7_to_q15_with_offset.c</itemPath>
                  <itemPath>../src/packs/CMSIS/CMSIS/NN/Source/NNSupportFunctions/arm_nn_depthwise_conv_nt_t_padded_s8.c</itemPath>
                  <itemPath>../src/packs/CMSIS/CMSIS/NN/Source/NNSupportFunctions/arm_q7_to_q15_reordered_with_offset.c</itemPath>
                  <itemPath>../src/packs/CMSIS/CMSIS/NN/Source/NNSupportFunctions/arm_nn_vec_mat_mult_t_s8.c</itemPath>
                  <itemPath>../src/packs/CMSIS/CMSIS/NN/Source/NNSupportFunctions/arm_q7_to_q15_no_shift.c</itemPath>
                  <itemPath>../src/packs/CMSIS/CMSIS/NN/Source/NNSupportFunctions/arm_nntables.c</itemPath>
                </logicalFolder>
                <logicalFolder name="PoolingFunctions"
                               displayName="PoolingFunctions"
                               projectFiles="true">
                  <itemPath>../src/packs/CMSIS/CMSIS/NN/Source/PoolingFunctions/arm_avgpool_s16.c</itemPath>
                  <itemPath>../src/packs/CMSIS/CMSIS/NN/Source/PoolingFunctions/arm_avgpool_s8.c</itemPath>
                  <itemPath>../src/packs/CMSIS/CMSIS/NN/Source/PoolingFunctions/arm_pool_q7_HWC.c</itemPath>
                  <itemPath>../src/packs/CMSIS/CMSIS/NN/Source/PoolingFunctions/arm_max_pool_s16.c</itemPath>
                  <itemPath>../src/packs/CMSIS/CMSIS/NN/Source/PoolingFunctions/arm_max_pool_s8.c</itemPath>
                </logicalFolder>
                <logicalFolder name="ReshapeFunctions"
                               displayName="ReshapeFunctions"
                               projectFiles="true">
                  <itemPath>../src/packs/CMSIS/CMSIS/NN/Source/ReshapeFunctions/arm_reshape_s8.c</itemPath>
                </logicalFolder>
                <logicalFolder name="SoftmaxFunctions"
                               displayName="SoftmaxFunctions"
                               projectFiles="true">
                  <itemPath>../src/packs/CMSIS/CMSIS/NN/Source/SoftmaxFunctions/arm_softmax_s8_s16.c</itemPath>
                  <itemPath>../src/packs/CMSIS/CMSIS/NN/Source/SoftmaxFunctions/arm_softmax_u8.c</itemPath>
                  <itemPath>../src/packs/CMSIS/CMSIS/NN/Source/SoftmaxFunctions/arm_softmax_with_batch_q7.c</itemPath>
                  <itemPath>../src/packs/CMSIS/CMSIS/NN/Source/SoftmaxFunctions/arm_softmax_s8.c</itemPath>
                  <itemPath>../src/packs/CMSIS/CMSIS/NN/Source/SoftmaxFunctions/arm_softmax_q15.c</itemPath>
                  <itemPath>../src/packs/CMSIS/CMSIS/NN/Source/SoftmaxFunctions/arm_nn_softmax_common_s8.c</itemPath>
                  <itemPath>../src/packs/CMSIS/CMSIS/NN/Source/SoftmaxFunctions/arm_softmax_s16.c</itemPath>
                  <itemPath>../src/packs/CMSIS/CMSIS/NN/Source/SoftmaxFunctions/arm_softmax_q7.c</itemPath>
                </logicalFolder>
                <logicalFolder name="SVDFunctions"
                               displayName="SVDFunctions"
                               projectFiles="true">
                  <itemPath>../src/packs/CMSIS/CMSIS/NN/Source/SVDFunctions/arm_svdf_state_s16_s8.c</itemPath>
                  <itemPath>../src/packs/CMSIS/CMSIS/NN/Source/SVDFunctions/arm_svdf_s8.c</itemPath>
                </logicalFolder>
              </logicalFolder>
            </logicalFolder>
          </logicalFolder>
        </logicalFolder>
      </logicalFolder>
      <itemPath>../src/config/pic32cm_le00_curiosity_pro/pin_configurations.csv</itemPath>
      <itemPath>../src/main.c</itemPath>
    </logicalFolder>
  </logicalFolder>
  <sourceRootList>
    <Elem>../src/config/pic32cm_le00_curiosity_pro/peripheral/sercom/spi_master</Elem>
    <Elem>../src/JDI_MLCD_driver</Elem>
  </sourceRootList>
  <projectmakefile>Makefile</projectmakefile>
  <confs>
    <conf name="pic32cm_le00_curiosity_pro" type="2">
      <toolsSet>
        <developmentServer>localhost</developmentServer>
        <targetDevice>PIC32CM5164LE00100</targetDevice>
        <targetHeader></targetHeader>
        <targetPluginBoard></targetPluginBoard>
        <platformTool>EdbgTool</platformTool>
        <languageToolchain>XC32</languageToolchain>
        <languageToolchainVersion>4.45</languageToolchainVersion>
        <platform>3</platform>
      </toolsSet>
      <packs>
        <pack name="PIC32CM-LE_DFP" vendor="Microchip" version="1.3.280"/>
      </packs>
      <ScriptingSettings>
      </ScriptingSettings>
      <compileType>
        <linkerTool>
          <linkerLibItems>
          </linkerLibItems>
        </linkerTool>
        <archiverTool>
        </archiverTool>
        <loading>
          <useAlternateLoadableFile>false</useAlternateLoadableFile>
          <parseOnProdLoad>true</parseOnProdLoad>
          <alternateLoadableFile></alternateLoadableFile>
        </loading>
        <subordinates>
        </subordinates>
      </compileType>
      <makeCustomizationType>
        <makeCustomizationPreStepEnabled>false</makeCustomizationPreStepEnabled>
        <makeUseCleanTarget>true</makeUseCleanTarget>
        <makeCustomizationPreStep></makeCustomizationPreStep>
        <makeCustomizationPostStepEnabled>true</makeCustomizationPostStepEnabled>
        <makeCustomizationPostStep>rm -rf ${ProjectDir}/../../hex &amp;&amp; mkdir ${ProjectDir}/../../hex &amp;&amp; cp ${ProjectDir}/${ImagePath} ${ProjectDir}/../../hex/</makeCustomizationPostStep>
        <makeCustomizationPutChecksumInUserID>false</makeCustomizationPutChecksumInUserID>
        <makeCustomizationEnableLongLines>false</makeCustomizationEnableLongLines>
        <makeCustomizationNormalizeHexFile>false</makeCustomizationNormalizeHexFile>
      </makeCustomizationType>
      <C32>
        <property key="additional-warnings" value="true"/>
        <property key="addresss-attribute-use" value="false"/>
        <property key="appendMe" value=""/>
        <property key="enable-app-io" value="false"/>
        <property key="enable-omit-frame-pointer" value="false"/>
        <property key="enable-symbols" value="true"/>
        <property key="enable-unroll-loops" value="false"/>
        <property key="exclude-floating-point" value="false"/>
        <property key="extra-include-directories"
                  value="../src;../src/config/pic32cm_le00_curiosity_pro;../src/packs/CMSIS/;../src/packs/CMSIS/CMSIS/Core/Include;../src/packs/CMSIS/CMSIS/DSP/Include/;../src/packs/CMSIS/CMSIS/NN/Include/;../src/packs/PIC32CM5164LE00100_DFP"/>
        <property key="generate-16-bit-code" value="false"/>
        <property key="generate-micro-compressed-code" value="false"/>
        <property key="isolate-each-function" value="true"/>
        <property key="make-warnings-into-errors" value="true"/>
        <property key="optimization-level" value="-O1"/>
        <property key="place-data-into-section" value="true"/>
        <property key="post-instruction-scheduling" value="default"/>
        <property key="pre-instruction-scheduling" value="default"/>
        <property key="preprocessor-macros" value=""/>
        <property key="strict-ansi" value="false"/>
        <property key="support-ansi" value="false"/>
        <property key="tentative-definitions" value="-fno-common"/>
        <property key="toplevel-reordering" value=""/>
        <property key="unaligned-access" value=""/>
        <property key="use-cci" value="false"/>
        <property key="use-iar" value="false"/>
        <property key="use-indirect-calls" value="false"/>
      </C32>
      <C32-AR>
        <property key="additional-options-chop-files" value="false"/>
      </C32-AR>
      <C32-AS>
        <property key="assembler-symbols" value=""/>
        <property key="enable-symbols" value="true"/>
        <property key="exclude-floating-point-library" value="false"/>
        <property key="expand-macros" value="false"/>
        <property key="extra-include-directories-for-assembler" value=""/>
        <property key="extra-include-directories-for-preprocessor" value=""/>
        <property key="false-conditionals" value="false"/>
        <property key="generate-16-bit-code" value="false"/>
        <property key="generate-micro-compressed-code" value="false"/>
        <property key="keep-locals" value="false"/>
        <property key="list-assembly" value="false"/>
        <property key="list-source" value="false"/>
        <property key="list-symbols" value="false"/>
        <property key="oXC32asm-list-to-file" value="false"/>
        <property key="omit-debug-dirs" value="false"/>
        <property key="omit-forms" value="false"/>
        <property key="preprocessor-macros" value=""/>
        <property key="warning-level" value=""/>
      </C32-AS>
      <C32-CO>
        <property key="coverage-enable" value=""/>
        <property key="stack-guidance" value="false"/>
      </C32-CO>
      <C32-LD>
        <property key="additional-options-use-response-files" value="false"/>
        <property key="additional-options-write-sla" value="false"/>
        <property key="allocate-dinit" value="false"/>
        <property key="appendMe" value=""/>
        <property key="code-dinit" value="false"/>
        <property key="ebase-addr" value=""/>
        <property key="enable-check-sections" value="false"/>
        <property key="exclude-floating-point-library" value="false"/>
        <property key="exclude-standard-libraries" value="false"/>
        <property key="extra-lib-directories" value=""/>
        <property key="fill-flash-options-addr" value=""/>
        <property key="fill-flash-options-const" value=""/>
        <property key="fill-flash-options-how" value="0"/>
        <property key="fill-flash-options-inc-const" value="1"/>
        <property key="fill-flash-options-increment" value=""/>
        <property key="fill-flash-options-seq" value=""/>
        <property key="fill-flash-options-what" value="0"/>
        <property key="generate-16-bit-code" value="false"/>
        <property key="generate-cross-reference-file" value="false"/>
        <property key="generate-micro-compressed-code" value="false"/>
        <property key="heap-size" value="512"/>
        <property key="input-libraries" value=""/>
        <property key="kseg-length" value=""/>
        <property key="kseg-origin" value=""/>
        <property key="linker-symbols" value=""/>
        <property key="map-file" value="${DISTDIR}/${PROJECTNAME}.${IMAGE_TYPE}.map"/>
        <property key="no-device-startup-code" value="true"/>
        <property key="no-startup-files" value="false"/>
        <property key="oXC32ld-extra-opts" value=""/>
        <property key="optimization-level" value=""/>
        <property key="preprocessor-macros" value=""/>
        <property key="remove-unused-sections" value="true"/>
        <property key="report-memory-usage" value="false"/>
        <property key="serial-length" value=""/>
        <property key="serial-origin" value=""/>
        <property key="stack-size" value=""/>
        <property key="symbol-stripping" value=""/>
        <property key="trace-symbols" value=""/>
        <property key="warn-section-align" value="false"/>
      </C32-LD>
      <C32CPP>
        <property key="additional-warnings" value="false"/>
        <property key="addresss-attribute-use" value="false"/>
        <property key="appendMe" value=""/>
        <property key="check-new" value="false"/>
        <property key="eh-specs" value="true"/>
        <property key="enable-app-io" value="false"/>
        <property key="enable-omit-frame-pointer" value="false"/>
        <property key="enable-symbols" value="true"/>
        <property key="enable-unroll-loops" value="false"/>
        <property key="exceptions" value="true"/>
        <property key="exclude-floating-point" value="false"/>
        <property key="extra-include-directories"
                  value="../src;../src/config/pic32cm_le00_curiosity_pro;../src/packs/CMSIS/;../src/packs/CMSIS/CMSIS/Core/Include;../src/packs/CMSIS/CMSIS/DSP/Include/;../src/packs/CMSIS/CMSIS/NN/Include/;../src/packs/PIC32CM5164LE00100_DFP"/>
        <property key="generate-16-bit-code" value="false"/>
        <property key="generate-micro-compressed-code" value="false"/>
        <property key="isolate-each-function" value="true"/>
        <property key="make-warnings-into-errors" value="false"/>
        <property key="optimization-level" value="-O1"/>
        <property key="place-data-into-section" value="false"/>
        <property key="post-instruction-scheduling" value="default"/>
        <property key="pre-instruction-scheduling" value="default"/>
        <property key="preprocessor-macros" value=""/>
        <property key="rtti" value="true"/>
        <property key="strict-ansi" value="false"/>
        <property key="toplevel-reordering" value=""/>
        <property key="unaligned-access" value=""/>
        <property key="use-cci" value="false"/>
        <property key="use-iar" value="false"/>
        <property key="use-indirect-calls" value="false"/>
      </C32CPP>
      <C32Global>
        <property key="common-include-directories" value=""/>
        <property key="gp-relative-option" value=""/>
        <property key="legacy-libc" value="false"/>
        <property key="mdtcm" value=""/>
        <property key="mitcm" value=""/>
        <property key="mstacktcm" value="false"/>
        <property key="omit-pack-options" value="1"/>
        <property key="relaxed-math" value="false"/>
        <property key="save-temps" value="false"/>
        <property key="stack-smashing" value=""/>
        <property key="wpo-lto" value="false"/>
      </C32Global>
      <EdbgTool>
        <property key="AutoSelectMemRanges" value="auto"/>
        <property key="arm.use_vtor" value="false"/>
        <property key="arm.vtor_adr" value="exception_table"/>
        <property key="communication.activationmode" value="nohv"/>
        <property key="communication.interface" value="swd"/>
        <property key="communication.speed" value="2.000"/>
        <property key="debugoptions.debug-startup" value="Use system settings"/>
        <property key="debugoptions.reset-behaviour" value="Use system settings"/>
        <property key="debugoptions.useswbreakpoints" value="false"/>
        <property key="event.recorder.enabled" value="false"/>
        <property key="event.recorder.scvd.files" value=""/>
        <property key="firmware.path"
                  value="Press to browse for a specific firmware version"/>
        <property key="firmware.toolpack"
                  value="Press to select which tool pack to use"/>
        <property key="firmware.update.action" value="firmware.update.use.latest"/>
        <property key="freeze.timers" value="false"/>
        <property key="lastid" value=""/>
        <property key="loader.board_file" value="${ProjectDir}/board.xboard"/>
        <property key="memories.aux" value="false"/>
        <property key="memories.bootflash" value="true"/>
        <property key="memories.configurationmemory" value="true"/>
        <property key="memories.configurationmemory2" value="true"/>
        <property key="memories.dataflash" value="true"/>
        <property key="memories.eeprom" value="true"/>
        <property key="memories.exclude.configurationmemory" value="true"/>
        <property key="memories.flashdata" value="true"/>
        <property key="memories.id" value="true"/>
        <property key="memories.instruction.ram.ranges"
                  value="${memories.instruction.ram.ranges}"/>
        <property key="memories.programmemory" value="true"/>
        <property key="memories.programmemory.ranges" value="0-7ffff"/>
        <property key="poweroptions.powerenable" value="false"/>
        <property key="programoptions.eraseb4program" value="true"/>
        <property key="programoptions.preservedataflash" value="false"/>
        <property key="programoptions.preservedataflash.ranges"
                  value="${memories.dataflash.default}"/>
        <property key="programoptions.preserveeeprom" value="false"/>
        <property key="programoptions.preserveeeprom.ranges" value=""/>
        <property key="programoptions.preserveprogram.ranges" value=""/>
        <property key="programoptions.preserveprogramrange" value="false"/>
        <property key="programoptions.preserveuserid" value="false"/>
        <property key="programoptions.programuserotp" value="false"/>
        <property key="script.has_reset" value="true"/>
        <property key="script.log_level" value="1"/>
        <property key="script.reset_delay" value="0"/>
        <property key="script.show_output" value="false"/>
        <property key="toolpack.updateoptions"
                  value="toolpack.updateoptions.uselatestoolpack"/>
        <property key="toolpack.updateoptions.packversion"
                  value="Press to select which tool pack to use"/>
        <property key="voltagevalue" value=""/>
        <property key="x.erase.type" value="ChipEraseAll"/>
      </EdbgTool>
      <Simulator>
        <property key="W0106_SIM_PERIPH_PARTIAL_SUPPORT" value="report"/>
        <property key="W0111_SIM_UNSUPPORTED_SELECTION" value="report"/>
      </Simulator>
      <Tool>
        <property key="AutoSelectMemRanges" value="auto"/>
        <property key="W0106_SIM_PERIPH_PARTIAL_SUPPORT" value="report"/>
        <property key="W0111_SIM_UNSUPPORTED_SELECTION" value="report"/>
        <property key="arm.use_vtor" value="false"/>
        <property key="arm.vtor_adr" value="exception_table"/>
        <property key="communication.activationmode" value="nohv"/>
        <property key="communication.interface" value="swd"/>
        <property key="communication.speed" value="2.000"/>
        <property key="debugoptions.debug-startup" value="Use system settings"/>
        <property key="debugoptions.reset-behaviour" value="Use system settings"/>
        <property key="debugoptions.useswbreakpoints" value="false"/>
        <property key="event.recorder.enabled" value="false"/>
        <property key="event.recorder.scvd.files" value=""/>
        <property key="firmware.path"
                  value="Press to browse for a specific firmware version"/>
        <property key="firmware.toolpack"
                  value="Press to select which tool pack to use"/>
        <property key="firmware.update.action" value="firmware.update.use.latest"/>
        <property key="freeze.timers" value="false"/>
        <property key="lastid" value=""/>
        <property key="loader.board_file" value="${ProjectDir}/board.xboard"/>
        <property key="memories.aux" value="false"/>
        <property key="memories.bootflash" value="true"/>
        <property key="memories.configurationmemory" value="true"/>
        <property key="memories.configurationmemory2" value="true"/>
        <property key="memories.dataflash" value="true"/>
        <property key="memories.eeprom" value="true"/>
        <property key="memories.exclude.configurationmemory" value="true"/>
        <property key="memories.flashdata" value="true"/>
        <property key="memories.id" value="true"/>
        <property key="memories.instruction.ram.ranges"
                  value="${memories.instruction.ram.ranges}"/>
        <property key="memories.programmemory" value="true"/>
        <property key="memories.programmemory.ranges" value="0-7ffff"/>
        <property key="poweroptions.powerenable" value="false"/>
        <property key="programoptions.eraseb4program" value="true"/>
        <property key="programoptions.preservedataflash" value="false"/>
        <property key="programoptions.preservedataflash.ranges"
                  value="${memories.dataflash.default}"/>
        <property key="programoptions.preserveeeprom" value="false"/>
        <property key="programoptions.preserveeeprom.ranges" value=""/>
        <property key="programoptions.preserveprogram.ranges" value=""/>
        <property key="programoptions.preserveprogramrange" value="false"/>
        <property key="programoptions.preserveuserid" value="false"/>
        <property key="programoptions.programuserotp" value="false"/>
        <property key="script.has_reset" value="true"/>
        <property key="script.log_level" value="1"/>
        <property key="script.reset_delay" value="0"/>
        <property key="script.show_output" value="false"/>
        <property key="toolpack.updateoptions"
                  value="toolpack.updateoptions.uselatestoolpack"/>
        <property key="toolpack.updateoptions.packversion"
                  value="Press to select which tool pack to use"/>
        <property key="voltagevalue" value=""/>
        <property key="x.erase.type" value="ChipEraseAll"/>
      </Tool>
    </conf>
  </confs>
</configurationDescriptor>
