<?xml version="1.0" encoding="UTF-8"?>
<project xmlns="http://www.netbeans.org/ns/project/1">
    <type>com.microchip.mplab.nbide.embedded.makeproject</type>
    <configuration>
        <data xmlns="http://www.netbeans.org/ns/make-project/1">
            <name>pic32cm_le00_curiosity_pro_SPI_OLED</name>
            <creation-uuid>84a8753f-18a0-48e1-99cc-c17d6d2ae799</creation-uuid>
            <make-project-type>0</make-project-type>
            <c-extensions>c</c-extensions>
            <cpp-extensions/>
            <header-extensions>h</header-extensions>
            <asminc-extensions/>
            <sourceEncoding>ISO-8859-1</sourceEncoding>
            <make-dep-projects/>
            <sourceRootList>
                <sourceRootElem>../src/config/pic32cm_le00_curiosity_pro/peripheral/sercom/spi_master</sourceRootElem>
                <sourceRootElem>../src/JDI_MLCD_driver</sourceRootElem>
            </sourceRootList>
            <confList>
                <confElem>
                    <name>pic32cm_le00_curiosity_pro</name>
                    <type>2</type>
                </confElem>
            </confList>
            <formatting>
                <project-formatting-style>false</project-formatting-style>
            </formatting>
        </data>
    </configuration>
</project>
